{
  "image": "pbomb6.jpg",
  "persons": [
    {
      "id": 0,
      "bbox": [
        0.836181640625,
        106.5570068359375,
        461.9229736328125,
        1054.1162109375
      ],
      "confidence": 0.9493441581726074,
      "focus_score": 0.0744852750001245,
      "saliency_score": 1.0,
      "depth_score": 0.22405156931167558,
      "combined_score": 0.0744852750001245,
      "is_photobomber": true,
      "removal_reason": "blurred"
    },
    {
      "id": 1,
      "bbox": [
        475.52862548828125,
        342.4187927246094,
        1222.9134521484375,
        1057.6873779296875
      ],
      "confidence": 0.9441598057746887,
      "focus_score": 1.0,
      "saliency_score": 1.0,
      "depth_score": 1.0,
      "combined_score": 1.0,
      "is_photobomber": false,
      "removal_reason": null
    },
    {
      "id": 2,
      "bbox": [
        982.6211547851562,
        57.40242004394531,
        1426.9176025390625,
        1056.5823974609375
      ],
      "confidence": 0.9113408327102661,
      "focus_score": 0.12406698056060063,
      "saliency_score": 1.0,
      "depth_score": 0.0,
      "combined_score": 0.12406698056060063,
      "is_photobomber": true,
      "removal_reason": "blurred"
    },
    {
      "id": 3,
      "bbox": [
        439.15283203125,
        203.77883911132812,
        742.7499389648438,
        1053.9356689453125
      ],
      "confidence": 0.7822365164756775,
      "focus_score": 0.18081417035387964,
      "saliency_score": 1.0,
      "depth_score": 0.09824770996572885,
      "combined_score": 0.18081417035387964,
      "is_photobomber": true,
      "removal_reason": "blurred"
    }
  ]
}