{
  "image": "pbomb9.jpg",
  "persons": [
    {
      "id": 0,
      "bbox": [
        1098.5267333984375,
        160.3882598876953,
        1599.073486328125,
        1055.7508544921875
      ],
      "confidence": 0.9310680031776428,
      "focus_score": 1.0,
      "saliency_score": 1.0,
      "depth_score": 0.8468885092960267,
      "combined_score": 0.8468885092960267,
      "is_photobomber": false,
      "removal_reason": null
    },
    {
      "id": 1,
      "bbox": [
        367.3393249511719,
        137.6770782470703,
        1420.465087890625,
        1056.899658203125
      ],
      "confidence": 0.9194920659065247,
      "focus_score": 1.0,
      "saliency_score": 1.0,
      "depth_score": 1.0,
      "combined_score": 1.0,
      "is_photobomber": false,
      "removal_reason": null
    },
    {
      "id": 2,
      "bbox": [
        946.473388671875,
        355.3262634277344,
        1285.10400390625,
        908.1036376953125
      ],
      "confidence": 0.9059597849845886,
      "focus_score": 1.0,
      "saliency_score": 1.0,
      "depth_score": 0.5435793029494503,
      "combined_score": 0.5435793029494503,
      "is_photobomber": false,
      "removal_reason": null
    },
    {
      "id": 3,
      "bbox": [
        0.0,
        82.84767150878906,
        517.8688354492188,
        1051.1527099609375
      ],
      "confidence": 0.8825700879096985,
      "focus_score": 1.0,
      "saliency_score": 1.0,
      "depth_score": 0.7429901343251304,
      "combined_score": 0.7429901343251304,
      "is_photobomber": false,
      "removal_reason": null
    },
    {
      "id": 4,
      "bbox": [
        773.7852783203125,
        40.111236572265625,
        1102.060546875,
        697.4197387695312
      ],
      "confidence": 0.7853959202766418,
      "focus_score": 1.0,
      "saliency_score": 1.0,
      "depth_score": 0.0,
      "combined_score": 0.0,
      "is_photobomber": true,
      "removal_reason": "depth_outlier"
    },
    {
      "id": 5,
      "bbox": [
        776.983154296875,
        38.63983154296875,
        1312.321044921875,
        696.034423828125
      ],
      "confidence": 0.3250187337398529,
      "focus_score": 1.0,
      "saliency_score": 1.0,
      "depth_score": 0.0007892056631020328,
      "combined_score": 0.0007892056631020328,
      "is_photobomber": true,
      "removal_reason": "depth_outlier"
    }
  ]
}