{
  "image": "pbomb15.jpg",
  "persons": [
    {
      "id": 0,
      "bbox": [
        206.4074249267578,
        500.0638732910156,
        1363.1744384765625,
        1343.2811279296875
      ],
      "confidence": 0.9030593633651733,
      "focus_score": 1.0,
      "saliency_score": 1.0,
      "depth_score": 1.0,
      "combined_score": 1.0,
      "is_photobomber": false,
      "removal_reason": null
    },
    {
      "id": 1,
      "bbox": [
        0.0,
        726.5917358398438,
        362.7601623535156,
        1396.46484375
      ],
      "confidence": 0.8770643472671509,
      "focus_score": 1.0,
      "saliency_score": 1.0,
      "depth_score": 0.0,
      "combined_score": 0.0,
      "is_photobomber": true,
      "removal_reason": "depth_outlier"
    }
  ]
}