{
  "image": "pbomb10.jpg",
  "persons": [
    {
      "id": 0,
      "bbox": [
        2.82080078125,
        345.36114501953125,
        1098.482177734375,
        1347.5028076171875
      ],
      "confidence": 0.9228647351264954,
      "focus_score": 0.049925836496724725,
      "saliency_score": 1.0,
      "depth_score": 1.0,
      "combined_score": 0.049925836496724725,
      "is_photobomber": true,
      "removal_reason": "blurred"
    },
    {
      "id": 1,
      "bbox": [
        923.5492553710938,
        238.21885681152344,
        1452.175048828125,
        1344.9324951171875
      ],
      "confidence": 0.9168198108673096,
      "focus_score": 0.25678029385751305,
      "saliency_score": 1.0,
      "depth_score": 1.0,
      "combined_score": 1.0,
      "is_photobomber": false,
      "removal_reason": null
    },
    {
      "id": 2,
      "bbox": [
        1305.150390625,
        366.9457092285156,
        1878.278564453125,
        1348.787109375
      ],
      "confidence": 0.8577185869216919,
      "focus_score": 1.0,
      "saliency_score": 1.0,
      "depth_score": 1.0,
      "combined_score": 1.0,
      "is_photobomber": false,
      "removal_reason": null
    }
  ]
}