{
  "image": "pbomb5.jpg",
  "persons": [
    {
      "id": 0,
      "bbox": [
        205.40904235839844,
        250.95645141601562,
        496.5624694824219,
        670.58154296875
      ],
      "confidence": 0.9299830794334412,
      "focus_score": 1.0,
      "saliency_score": 1.0,
      "depth_score": 0.6443987892917233,
      "combined_score": 0.6443987892917233,
      "is_photobomber": true,
      "removal_reason": "depth_outlier"
    },
    {
      "id": 1,
      "bbox": [
        472.8999938964844,
        139.24844360351562,
        707.9957275390625,
        664.018310546875
      ],
      "confidence": 0.8718226552009583,
      "focus_score": 1.0,
      "saliency_score": 1.0,
      "depth_score": 0.7688363230584861,
      "combined_score": 0.7688363230584861,
      "is_photobomber": true,
      "removal_reason": "depth_outlier"
    },
    {
      "id": 2,
      "bbox": [
        40.1221809387207,
        307.5780334472656,
        60.10662841796875,
        390.625244140625
      ],
      "confidence": 0.7444771528244019,
      "focus_score": 1.0,
      "saliency_score": 1.0,
      "depth_score": 0.016963501369499645,
      "combined_score": 0.016963501369499645,
      "is_photobomber": true,
      "removal_reason": "depth_outlier"
    },
    {
      "id": 3,
      "bbox": [
        82.88258361816406,
        310.3285217285156,
        113.05265045166016,
        389.8215026855469
      ],
      "confidence": 0.6825929284095764,
      "focus_score": 1.0,
      "saliency_score": 1.0,
      "depth_score": 0.0,
      "combined_score": 0.0,
      "is_photobomber": true,
      "removal_reason": "depth_outlier"
    },
    {
      "id": 5,
      "bbox": [
        469.2066345214844,
        215.0886688232422,
        867.7865600585938,
        669.3447265625
      ],
      "confidence": 0.5381588339805603,
      "focus_score": 1.0,
      "saliency_score": 1.0,
      "depth_score": 1.0,
      "combined_score": 1.0,
      "is_photobomber": false,
      "removal_reason": null
    },
    {
      "id": 6,
      "bbox": [
        666.5748291015625,
        213.55712890625,
        871.2789916992188,
        667.8770751953125
      ],
      "confidence": 0.3140462338924408,
      "focus_score": 1.0,
      "saliency_score": 1.0,
      "depth_score": 0.954916879064007,
      "combined_score": 0.954916879064007,
      "is_photobomber": false,
      "removal_reason": null
    }
  ]
}