{
  "image": "pbomb3.jpg",
  "persons": [
    {
      "id": 0,
      "bbox": [
        0.494873046875,
        1.870214819908142,
        263.5203552246094,
        673.2894897460938
      ],
      "confidence": 0.9491028785705566,
      "focus_score": 1.0,
      "saliency_score": 1.0,
      "depth_score": 0.0,
      "combined_score": 0.0,
      "is_photobomber": true,
      "removal_reason": "depth_outlier"
    },
    {
      "id": 1,
      "bbox": [
        152.54623413085938,
        207.46487426757812,
        466.05279541015625,
        675.1716918945312
      ],
      "confidence": 0.9463714361190796,
      "focus_score": 1.0,
      "saliency_score": 1.0,
      "depth_score": 1.0,
      "combined_score": 1.0,
      "is_photobomber": false,
      "removal_reason": null
    },
    {
      "id": 2,
      "bbox": [
        462.5391540527344,
        212.71275329589844,
        752.5296020507812,
        674.0751342773438
      ],
      "confidence": 0.9411547183990479,
      "focus_score": 1.0,
      "saliency_score": 1.0,
      "depth_score": 0.9081093786684652,
      "combined_score": 0.9081093786684652,
      "is_photobomber": false,
      "removal_reason": null
    }
  ]
}