{
  "image": "pbomb4.jpg",
  "persons": [
    {
      "id": 0,
      "bbox": [
        46.03252029418945,
        31.4228515625,
        692.4291381835938,
        672.8469848632812
      ],
      "confidence": 0.9427877068519592,
      "focus_score": 0.8069085355433239,
      "saliency_score": 1.0,
      "depth_score": 1.0,
      "combined_score": 1.0,
      "is_photobomber": false,
      "removal_reason": null
    },
    {
      "id": 1,
      "bbox": [
        140.84304809570312,
        375.32177734375,
        188.53269958496094,
        447.3148498535156
      ],
      "confidence": 0.6352668404579163,
      "focus_score": 0.24882005246304253,
      "saliency_score": 1.0,
      "depth_score": 0.0,
      "combined_score": 0.24882005246304253,
      "is_photobomber": true,
      "removal_reason": "blurred"
    },
    {
      "id": 2,
      "bbox": [
        115.6724624633789,
        390.2658386230469,
        149.4950408935547,
        483.470703125
      ],
      "confidence": 0.49200913310050964,
      "focus_score": 0.19814991742693372,
      "saliency_score": 1.0,
      "depth_score": 0.029334677781572727,
      "combined_score": 0.19814991742693372,
      "is_photobomber": true,
      "removal_reason": "blurred"
    },
    {
      "id": 3,
      "bbox": [
        596.2908325195312,
        122.6951675415039,
        756.7301025390625,
        457.6204528808594
      ],
      "confidence": 0.3012133836746216,
      "focus_score": 1.0,
      "saliency_score": 1.0,
      "depth_score": 0.5096503755257524,
      "combined_score": 0.5096503755257524,
      "is_photobomber": true,
      "removal_reason": "depth_outlier"
    }
  ]
}