{
  "image": "pbomb7.jpg",
  "persons": [
    {
      "id": 0,
      "bbox": [
        0.1570892333984375,
        186.16004943847656,
        381.83367919921875,
        1025.7310791015625
      ],
      "confidence": 0.9143338203430176,
      "focus_score": 1.0,
      "saliency_score": 1.0,
      "depth_score": 0.0,
      "combined_score": 0.0,
      "is_photobomber": true,
      "removal_reason": "depth_outlier"
    },
    {
      "id": 1,
      "bbox": [
        617.9381103515625,
        58.00727844238281,
        1595.08056640625,
        1049.5845947265625
      ],
      "confidence": 0.8443784117698669,
      "focus_score": 1.0,
      "saliency_score": 1.0,
      "depth_score": 1.0,
      "combined_score": 1.0,
      "is_photobomber": false,
      "removal_reason": null
    },
    {
      "id": 3,
      "bbox": [
        229.7502899169922,
        168.26629638671875,
        901.2606201171875,
        1053.661865234375
      ],
      "confidence": 0.6750192046165466,
      "focus_score": 1.0,
      "saliency_score": 1.0,
      "depth_score": 0.6182080684830868,
      "combined_score": 0.6182080684830868,
      "is_photobomber": true,
      "removal_reason": "depth_outlier"
    }
  ]
}