{
  "image": "pbomb14.jpg",
  "persons": [
    {
      "id": 0,
      "bbox": [
        466.0563659667969,
        540.4789428710938,
        874.1669921875,
        1353.3582763671875
      ],
      "confidence": 0.9431439638137817,
      "focus_score": 1.0,
      "saliency_score": 1.0,
      "depth_score": 1.0,
      "combined_score": 1.0,
      "is_photobomber": false,
      "removal_reason": null
    },
    {
      "id": 1,
      "bbox": [
        11.171069145202637,
        525.3328247070312,
        321.8614807128906,
        1293.897705078125
      ],
      "confidence": 0.8962079882621765,
      "focus_score": 1.0,
      "saliency_score": 1.0,
      "depth_score": 0.0,
      "combined_score": 0.0,
      "is_photobomber": true,
      "removal_reason": "depth_outlier"
    }
  ]
}