{
  "image": "pbomb12.jpg",
  "persons": [
    {
      "id": 0,
      "bbox": [
        700.7047119140625,
        173.39794921875,
        1641.176025390625,
        1348.476318359375
      ],
      "confidence": 0.9122617244720459,
      "focus_score": 1.0,
      "saliency_score": 0.9917092686107597,
      "depth_score": 1.0,
      "combined_score": 0.9950255611664559,
      "is_photobomber": false,
      "removal_reason": null
    },
    {
      "id": 1,
      "bbox": [
        0.23457030951976776,
        144.47325134277344,
        299.5606384277344,
        1283.9803466796875
      ],
      "confidence": 0.8833773732185364,
      "focus_score": 1.0,
      "saliency_score": 0.007689795613296582,
      "depth_score": 0.7150682117587926,
      "combined_score": 0.290641162071495,
      "is_photobomber": true,
      "removal_reason": "low_saliency_and_depth"
    },
    {
      "id": 2,
      "bbox": [
        1202.200439453125,
        212.11563110351562,
        1658.763671875,
        803.9288330078125
      ],
      "confidence": 0.8648605942726135,
      "focus_score": 1.0,
      "saliency_score": 0.010162975821290629,
      "depth_score": 0.5400841683531246,
      "combined_score": 0.22213145283402422,
      "is_photobomber": true,
      "removal_reason": "low_saliency_and_depth"
    },
    {
      "id": 3,
      "bbox": [
        1.09814453125,
        45.17695236206055,
        946.7781372070312,
        1345.2633056640625
      ],
      "confidence": 0.8522895574569702,
      "focus_score": 1.0,
      "saliency_score": 1.0,
      "depth_score": 0.9830484156934901,
      "combined_score": 0.993219366277396,
      "is_photobomber": false,
      "removal_reason": null
    },
    {
      "id": 4,
      "bbox": [
        1460.4798583984375,
        0.0,
        2047.0950927734375,
        840.6947631835938
      ],
      "confidence": 0.716022789478302,
      "focus_score": 1.0,
      "saliency_score": 0.0,
      "depth_score": 0.3816590678886156,
      "combined_score": 0.15266362715544624,
      "is_photobomber": true,
      "removal_reason": "low_saliency_and_depth"
    },
    {
      "id": 5,
      "bbox": [
        161.8826141357422,
        203.8630828857422,
        459.6194763183594,
        624.7042846679688
      ],
      "confidence": 0.682755708694458,
      "focus_score": 1.0,
      "saliency_score": 0.04423248076590303,
      "depth_score": 0.31366340644043783,
      "combined_score": 0.15200485103571695,
      "is_photobomber": true,
      "removal_reason": "low_saliency_and_depth"
    },
    {
      "id": 6,
      "bbox": [
        1187.3189697265625,
        15.9693603515625,
        1459.617431640625,
        355.37884521484375
      ],
      "confidence": 0.6179608106613159,
      "focus_score": 1.0,
      "saliency_score": 0.02614285307354154,
      "depth_score": 0.18482865808073468,
      "combined_score": 0.0896171750764188,
      "is_photobomber": true,
      "removal_reason": "low_saliency_and_depth"
    },
    {
      "id": 7,
      "bbox": [
        1383.1187744140625,
        0.0,
        1523.6585693359375,
        216.6625213623047
      ],
      "confidence": 0.5171669721603394,
      "focus_score": 1.0,
      "saliency_score": 0.0,
      "depth_score": 0.15739168826085342,
      "combined_score": 0.06295667530434138,
      "is_photobomber": true,
      "removal_reason": "low_saliency_and_depth"
    },
    {
      "id": 8,
      "bbox": [
        385.2143249511719,
        188.1757354736328,
        523.5657958984375,
        464.1031188964844
      ],
      "confidence": 0.5035514235496521,
      "focus_score": 1.0,
      "saliency_score": 0.02687588303365159,
      "depth_score": 0.14434718405523436,
      "combined_score": 0.0738644034422847,
      "is_photobomber": true,
      "removal_reason": "low_saliency_and_depth"
    },
    {
      "id": 9,
      "bbox": [
        824.2185668945312,
        53.031890869140625,
        953.1244506835938,
        238.59292602539062
      ],
      "confidence": 0.4683944880962372,
      "focus_score": 1.0,
      "saliency_score": 0.001472768946910276,
      "depth_score": 0.03743672809216969,
      "combined_score": 0.01585835260501404,
      "is_photobomber": true,
      "removal_reason": "low_saliency_and_depth"
    },
    {
      "id": 10,
      "bbox": [
        35.051185607910156,
        222.4845733642578,
        141.9492645263672,
        351.23321533203125
      ],
      "confidence": 0.4435649812221527,
      "focus_score": 1.0,
      "saliency_score": 0.0,
      "depth_score": 0.21755433404610164,
      "combined_score": 0.08702173361844065,
      "is_photobomber": true,
      "removal_reason": "low_saliency_and_depth"
    },
    {
      "id": 11,
      "bbox": [
        1133.0970458984375,
        46.80605697631836,
        1247.951416015625,
        227.455078125
      ],
      "confidence": 0.34423965215682983,
      "focus_score": 1.0,
      "saliency_score": 0.0961326533944185,
      "depth_score": 0.13675945263797346,
      "combined_score": 0.11238337309184047,
      "is_photobomber": true,
      "removal_reason": "low_saliency_and_depth"
    }
  ]
}