{
  "image": "pbomb13.jpg",
  "persons": [
    {
      "id": 0,
      "bbox": [
        528.6613159179688,
        440.65087890625,
        923.85595703125,
        1351.156005859375
      ],
      "confidence": 0.9065332412719727,
      "focus_score": 1.0,
      "saliency_score": 1.0,
      "depth_score": 1.0,
      "combined_score": 1.0,
      "is_photobomber": false,
      "removal_reason": null
    },
    {
      "id": 1,
      "bbox": [
        1080.0306396484375,
        368.0846862792969,
        1491.5455322265625,
        1351.5352783203125
      ],
      "confidence": 0.8630815148353577,
      "focus_score": 1.0,
      "saliency_score": 1.0,
      "depth_score": 0.8135231459441863,
      "combined_score": 0.8135231459441863,
      "is_photobomber": false,
      "removal_reason": null
    },
    {
      "id": 2,
      "bbox": [
        497.1965026855469,
        0.0,
        864.6986694335938,
        928.4152221679688
      ],
      "confidence": 0.8601151704788208,
      "focus_score": 1.0,
      "saliency_score": 1.0,
      "depth_score": 0.28920623060649886,
      "combined_score": 0.28920623060649886,
      "is_photobomber": true,
      "removal_reason": "depth_outlier"
    },
    {
      "id": 3,
      "bbox": [
        812.8726806640625,
        464.92852783203125,
        1162.7860107421875,
        1352.1531982421875
      ],
      "confidence": 0.7957342267036438,
      "focus_score": 1.0,
      "saliency_score": 1.0,
      "depth_score": 0.7802062798374014,
      "combined_score": 0.7802062798374014,
      "is_photobomber": false,
      "removal_reason": null
    },
    {
      "id": 4,
      "bbox": [
        1031.86328125,
        257.2295837402344,
        1353.850830078125,
        684.3980712890625
      ],
      "confidence": 0.41571202874183655,
      "focus_score": 1.0,
      "saliency_score": 1.0,
      "depth_score": 0.0,
      "combined_score": 0.0,
      "is_photobomber": true,
      "removal_reason": "depth_outlier"
    }
  ]
}