{
  "image": "pbombing.jpg",
  "persons": [
    {
      "id": 0,
      "bbox": [
        1124.988525390625,
        206.5832977294922,
        1777.6822509765625,
        1353.3018798828125
      ],
      "confidence": 0.9355722069740295,
      "focus_score": 1.0,
      "saliency_score": 0.3180057978846464,
      "depth_score": 0.3471315134388444,
      "combined_score": 0.3296560841063256,
      "is_photobomber": true,
      "removal_reason": "low_saliency_and_depth"
    },
    {
      "id": 1,
      "bbox": [
        98.9736328125,
        252.7892608642578,
        1264.0360107421875,
        1349.5146484375
      ],
      "confidence": 0.9263028502464294,
      "focus_score": 0.3572857701570264,
      "saliency_score": 1.0,
      "depth_score": 1.0,
      "combined_score": 0.3572857701570264,
      "is_photobomber": true,
      "removal_reason": "blurred"
    },
    {
      "id": 2,
      "bbox": [
        1646.7734375,
        547.121826171875,
        1709.6187744140625,
        701.9253540039062
      ],
      "confidence": 0.7395448088645935,
      "focus_score": 0.0384298383930458,
      "saliency_score": 0.0,
      "depth_score": 0.012706576123007936,
      "combined_score": 0.0384298383930458,
      "is_photobomber": true,
      "removal_reason": "blurred"
    },
    {
      "id": 3,
      "bbox": [
        1716.4937744140625,
        553.5990600585938,
        1768.5281982421875,
        702.1744384765625
      ],
      "confidence": 0.6461153030395508,
      "focus_score": 0.1712034948041527,
      "saliency_score": 0.0,
      "depth_score": 0.04833237012840045,
      "combined_score": 0.1712034948041527,
      "is_photobomber": true,
      "removal_reason": "blurred"
    },
    {
      "id": 4,
      "bbox": [
        1768.081298828125,
        547.8098754882812,
        1807.5008544921875,
        605.7116088867188
      ],
      "confidence": 0.495596319437027,
      "focus_score": 0.03430754276989526,
      "saliency_score": 0.0,
      "depth_score": 0.02686293933102244,
      "combined_score": 0.03430754276989526,
      "is_photobomber": true,
      "removal_reason": "blurred"
    },
    {
      "id": 5,
      "bbox": [
        109.24687957763672,
        285.18341064453125,
        721.7483520507812,
        1354.8802490234375
      ],
      "confidence": 0.29199448227882385,
      "focus_score": 0.46109760908915365,
      "saliency_score": 0.97816032234397,
      "depth_score": 0.7585766952626364,
      "combined_score": 0.46109760908915365,
      "is_photobomber": true,
      "removal_reason": "blurred"
    }
  ]
}