{
  "image": "pbomb11.jpg",
  "persons": [
    {
      "id": 0,
      "bbox": [
        320.5982360839844,
        89.1641616821289,
        1662.854736328125,
        1348.2069091796875
      ],
      "confidence": 0.9560865759849548,
      "focus_score": 1.0,
      "saliency_score": 1.0,
      "depth_score": 1.0,
      "combined_score": 1.0,
      "is_photobomber": false,
      "removal_reason": null
    },
    {
      "id": 1,
      "bbox": [
        1341.6883544921875,
        48.67949295043945,
        1759.751953125,
        1257.427001953125
      ],
      "confidence": 0.7694729566574097,
      "focus_score": 1.0,
      "saliency_score": 1.0,
      "depth_score": 0.0,
      "combined_score": 0.0,
      "is_photobomber": true,
      "removal_reason": "depth_outlier"
    }
  ]
}