{
  "image": "pbomb1.jpg",
  "persons": [
    {
      "id": 0,
      "bbox": [
        386.6120300292969,
        241.74070739746094,
        714.81982421875,
        674.99365234375
      ],
      "confidence": 0.9368388652801514,
      "focus_score": 0.13897951305438236,
      "saliency_score": 1.0,
      "depth_score": 1.0,
      "combined_score": 0.13897951305438236,
      "is_photobomber": true,
      "removal_reason": "blurred"
    },
    {
      "id": 1,
      "bbox": [
        101.05293273925781,
        199.2639617919922,
        461.5919494628906,
        673.8661499023438
      ],
      "confidence": 0.9313061833381653,
      "focus_score": 0.1625212918874219,
      "saliency_score": 1.0,
      "depth_score": 1.0,
      "combined_score": 0.1625212918874219,
      "is_photobomber": true,
      "removal_reason": "blurred"
    },
    {
      "id": 2,
      "bbox": [
        540.041015625,
        91.6077651977539,
        808.9125366210938,
        664.7854614257812
      ],
      "confidence": 0.9298529624938965,
      "focus_score": 1.0,
      "saliency_score": 1.0,
      "depth_score": 1.0,
      "combined_score": 1.0,
      "is_photobomber": false,
      "removal_reason": null
    }
  ]
}